Rk;Player;Pos;Age;Tm;G;GS;MP;FG;FGA;3P;3PA;2P;2PA;eFG%;FT;FTA;ORB;DRB;TRB;AST;STL;BLK;TOV;PF;PTS;Salary_23-24
1;Precious Achiuwa;C;22;TOR;73;28;23.6;3.6;8.3;0.8;2.1;2.9;6.1;.486;1.1;1.8;2.0;4.5;6.5;1.1;0.5;0.6;1.2;2.1;9.1;4379527
2;Steven Adams;C;28;MEM;76;75;26.3;2.8;5.1;0.0;0.0;2.8;5.0;.547;1.4;2.6;4.6;5.4;10.0;3.4;0.9;0.8;1.5;2.0;6.9;12600000
3;Bam Adebayo;C;24;MIA;56;56;32.6;7.3;13.0;0.0;0.1;7.3;12.9;.557;4.6;6.1;2.4;7.6;10.1;3.4;1.4;0.8;2.6;3.1;19.1;32600060
4;Santi Aldama;PF;21;MEM;32;0;11.3;1.7;4.1;0.2;1.5;1.5;2.6;.424;0.6;1.0;1.0;1.7;2.7;0.7;0.2;0.3;0.5;1.1;4.1;2194200
5;Grayson Allen;SG;26;MIL;66;61;27.3;3.9;8.6;2.4;5.9;1.5;2.7;.588;1.0;1.1;0.5;2.9;3.4;1.5;0.7;0.3;0.7;1.5;11.1;8500000
6;Jarrett Allen;C;23;CLE;56;56;32.3;6.6;9.7;0.0;0.2;6.6;9.6;.678;2.9;4.2;3.4;7.3;10.8;1.6;0.8;1.3;1.7;1.7;16.1;20000000
7;Jose Alvarado;PG;23;NOP;54;1;15.4;2.4;5.4;0.6;2.0;1.8;3.4;.500;0.7;1.0;0.5;1.4;1.9;2.8;1.3;0.1;0.7;1.4;6.1;1836096
8;Kyle Anderson;PF;28;MEM;69;11;21.5;3.0;6.8;0.5;1.6;2.5;5.2;.484;1.0;1.5;1.0;4.3;5.3;2.7;1.1;0.7;1.0;1.6;7.6;9219512
9;Giannis Antetokounmpo;PF;27;MIL;67;67;32.9;10.3;18.6;1.1;3.6;9.2;15.0;.582;8.3;11.4;2.0;9.6;11.6;5.8;1.1;1.4;3.3;3.2;29.9;45640084
10;Cole Anthony;PG;21;ORL;65;65;31.7;5.5;14.0;2.0;6.0;3.5;8.0;.464;3.3;3.9;0.5;4.9;5.4;5.7;0.7;0.3;2.6;2.6;16.3;5539771
11;OG Anunoby;SF;24;TOR;48;48;36.0;6.4;14.5;2.4;6.6;4.0;7.9;.526;1.9;2.5;1.5;4.0;5.5;2.6;1.5;0.5;1.7;2.7;17.1;18642857
12;Deni Avdija;SF;21;WAS;82;8;24.2;3.0;7.1;1.0;3.2;2.0;3.9;.503;1.3;1.7;0.6;4.5;5.2;2.0;0.7;0.5;1.1;2.3;8.4;6263188
13;Deandre Ayton;C;23;PHO;58;58;29.5;7.6;12.0;0.1;0.3;7.5;11.7;.639;1.8;2.4;2.6;7.7;10.2;1.4;0.7;0.7;1.6;2.4;17.2;32459438
14;Marvin Bagley III;PF;22;TOT;48;25;24.0;4.7;9.3;0.5;2.0;4.2;7.3;.530;1.4;2.1;2.2;4.9;7.0;0.8;0.5;0.4;0.8;1.9;11.3;12500000
15;LaMelo Ball;PG;20;CHO;75;75;32.3;7.2;16.7;2.9;7.5;4.2;9.2;.517;2.8;3.2;1.4;5.2;6.7;7.6;1.6;0.4;3.3;3.2;20.1;10900635
16;Lonzo Ball;PG;24;CHI;35;35;34.6;4.6;10.9;3.1;7.4;1.5;3.5;.567;0.6;0.8;1.0;4.4;5.4;5.1;1.8;0.9;2.3;2.4;13.0;20465117
17;Desmond Bane;SG;23;MEM;76;76;29.8;6.7;14.5;3.0;6.9;3.7;7.6;.565;1.8;2.0;0.6;3.8;4.4;2.7;1.2;0.4;1.5;2.6;18.2;3845083
18;Harrison Barnes;PF;29;SAC;77;77;33.5;5.1;10.8;1.8;4.7;3.2;6.2;.554;4.4;5.4;1.1;4.5;5.6;2.4;0.7;0.2;1.5;1.2;16.4;17000000
19;Scottie Barnes;PF;20;TOR;74;74;35.4;6.2;12.6;0.8;2.6;5.4;10.0;.524;2.1;2.9;2.6;4.9;7.5;3.5;1.1;0.7;1.8;2.6;15.3;8008680
20;RJ Barrett;SF;21;NYK;70;70;34.5;7.0;17.1;2.0;5.8;5.0;11.3;.466;4.1;5.8;0.9;4.9;5.8;3.0;0.6;0.2;2.2;2.0;20.0;23883929
21;Charles Bassey;C;21;PHI;23;0;7.3;1.3;2.0;0.0;0.2;1.3;1.9;.638;0.4;0.5;1.0;1.7;2.7;0.3;0.2;0.7;0.3;1.4;3.0;2600000
22;Nicolas Batum;PF;33;LAC;59;54;24.8;3.0;6.6;1.8;4.6;1.2;2.0;.602;0.4;0.6;0.5;3.8;4.3;1.7;1.0;0.7;0.7;1.4;8.3;11710818
23;Bradley Beal;SG;28;WAS;40;40;36.0;8.7;19.3;1.6;5.3;7.1;14.0;.492;4.2;5.1;1.0;3.8;4.7;6.6;0.9;0.4;3.4;2.4;23.2;46741590
24;Dāvis Bertāns;PF;29;TOT;56;0;14.4;1.8;4.9;1.4;4.1;0.4;0.8;.500;0.6;0.7;0.2;1.9;2.1;0.6;0.3;0.2;0.3;1.5;5.6;17000000
25;Saddiq Bey;SF;22;DET;82;82;33.0;5.5;13.9;2.6;7.4;2.9;6.4;.489;2.6;3.1;1.3;4.1;5.4;2.8;0.9;0.2;1.2;1.6;16.1;4556983
26;Khem Birch;C;29;TOR;55;28;18.0;1.8;3.6;0.0;0.3;1.8;3.4;.485;1.0;1.3;2.2;2.1;4.3;1.0;0.5;0.5;0.5;1.9;4.5;6985000
27;Goga Bitadze;C;22;IND;50;16;14.6;2.6;5.0;0.5;1.6;2.2;3.4;.565;1.3;1.9;1.6;2.0;3.5;1.1;0.4;0.8;0.9;2.1;7.0;2066585
28;Eric Bledsoe;PG;32;LAC;54;29;25.2;3.6;8.7;0.9;3.0;2.7;5.6;.475;1.6;2.2;0.5;2.9;3.4;4.2;1.3;0.4;2.1;1.6;9.9;1300000
29;Bogdan Bogdanović;SG;29;ATL;63;27;29.3;5.4;12.6;2.7;7.3;2.7;5.3;.537;1.5;1.8;0.5;3.5;4.0;3.1;1.1;0.2;1.1;2.1;15.1;18000000
30;Bojan Bogdanović;PF;32;UTA;69;69;30.9;6.1;13.4;2.6;6.8;3.5;6.7;.552;3.2;3.8;0.8;3.4;4.3;1.7;0.5;0.0;1.7;1.7;18.1;20000000
31;Devin Booker;SG;25;PHO;68;68;34.5;9.7;20.9;2.7;7.0;7.0;13.9;.530;4.6;5.3;0.7;4.4;5.0;4.8;1.1;0.4;2.4;2.6;26.8;36016200
32;Brandon Boston Jr.;SG;20;LAC;51;0;14.9;2.5;6.4;0.7;2.2;1.8;4.2;.437;1.2;1.4;0.3;1.8;2.2;1.0;0.5;0.3;0.6;0.8;6.7;1836096
33;Chris Boucher;SF;29;TOR;80;9;21.1;3.4;7.2;0.9;2.9;2.5;4.4;.523;1.9;2.4;2.2;3.9;6.2;0.3;0.6;0.9;0.5;2.2;9.4;11750000
34;James Bouknight;SG;21;CHO;31;0;9.8;1.6;4.5;0.5;1.6;1.0;3.0;.408;0.9;1.0;0.7;1.0;1.7;0.8;0.2;0.0;0.5;0.9;4.6;4570080
35;Mikal Bridges;SF;25;PHO;82;82;34.8;5.6;10.5;1.4;3.8;4.2;6.7;.601;1.6;1.9;0.9;3.3;4.2;2.3;1.2;0.4;0.8;1.8;14.2;21700000
36;Malcolm Brogdon;PG;29;IND;36;36;33.5;6.8;15.1;1.6;5.2;5.1;9.9;.501;4.0;4.6;0.9;4.2;5.1;5.9;0.8;0.4;2.1;2.0;19.1;22500000
37;Jaylen Brown;SF;25;BOS;66;66;33.6;8.7;18.4;2.5;7.0;6.2;11.4;.541;3.7;4.8;0.8;5.3;6.1;3.5;1.1;0.3;2.7;2.5;23.6;30723215
38;Jalen Brunson;SG;25;DAL;79;61;31.9;6.4;12.8;1.2;3.2;5.2;9.6;.549;2.3;2.7;0.5;3.4;3.9;4.8;0.8;0.0;1.6;1.9;16.3;26346666
39;Reggie Bullock;SF;30;DAL;68;37;28.0;3.0;7.4;2.1;5.8;0.9;1.6;.542;0.6;0.7;0.5;3.1;3.5;1.2;0.6;0.2;0.6;1.6;8.6;10489600
40;Alec Burks;SG;30;NYK;81;44;28.6;3.5;9.0;1.9;4.8;1.6;4.2;.499;2.7;3.3;0.6;4.3;4.9;3.0;1.0;0.3;1.1;2.7;11.7;10489600
41;Jimmy Butler;SF;32;MIA;57;57;33.9;7.0;14.5;0.5;2.0;6.5;12.5;.496;6.9;8.0;1.8;4.1;5.9;5.5;1.6;0.5;2.1;1.5;21.4;45183960
42;Kentavious Caldwell-Pope;SG;28;WAS;77;77;30.2;4.7;10.8;2.1;5.3;2.6;5.5;.531;1.8;2.0;0.5;2.9;3.4;1.9;1.1;0.3;1.3;1.8;13.2;14704938
43;Vlatko Čančar;PF;24;DEN;15;1;11.7;1.5;2.7;0.5;0.8;1.1;1.9;.646;0.6;0.9;0.5;1.5;2.1;1.1;0.1;0.2;0.6;1.2;4.1;2234359
44;Clint Capela;C;27;ATL;74;73;27.6;5.0;8.2;0.0;0.0;5.0;8.1;.613;1.1;2.3;3.8;8.1;11.9;1.2;0.7;1.3;0.6;2.2;11.1;20616000
45;Wendell Carter Jr.;PF;22;ORL;62;61;29.9;5.8;11.0;1.1;3.5;4.7;7.6;.576;2.3;3.3;2.2;8.2;10.5;2.8;0.6;0.7;1.9;2.7;15.0;13050000
46;Alex Caruso;SG;27;CHI;41;18;28.0;2.5;6.2;1.0;3.1;1.5;3.2;.480;1.4;1.8;0.8;2.8;3.6;4.0;1.7;0.4;1.4;2.6;7.4;9460000
47;Josh Christopher;SG;20;HOU;74;2;18.0;3.0;6.8;0.8;2.6;2.3;4.2;.504;1.1;1.5;0.7;1.8;2.5;2.0;0.9;0.2;1.5;1.3;7.9;2485200
48;Brandon Clarke;PF;25;MEM;64;1;19.5;4.5;7.0;0.1;0.3;4.4;6.6;.650;1.3;2.0;2.1;3.2;5.3;1.3;0.6;1.1;0.5;1.9;10.4;12500000
49;Jordan Clarkson;SG;29;UTA;79;1;27.1;5.9;14.1;2.4;7.6;3.5;6.5;.504;1.8;2.2;0.8;2.6;3.5;2.5;0.8;0.2;1.6;1.9;16.0;14260000
50;Nic Claxton;C;22;BRK;47;19;20.7;3.8;5.6;0.0;0.0;3.8;5.6;.674;1.1;2.0;1.9;3.7;5.6;0.9;0.5;1.1;0.8;2.3;8.7;8750000
51;Amir Coffey;SG;24;LAC;69;30;22.7;3.1;6.8;1.4;3.7;1.7;3.1;.556;1.5;1.7;0.4;2.5;2.9;1.8;0.6;0.2;0.7;1.3;9.0;3666667
52;John Collins;PF;24;ATL;54;53;30.8;6.3;11.9;1.2;3.3;5.1;8.7;.576;2.5;3.1;1.7;6.1;7.8;1.8;0.6;1.0;1.1;3.0;16.2;25340000
53;Zach Collins;C;24;SAS;28;4;17.9;2.7;5.5;0.5;1.5;2.2;4.1;.535;1.9;2.3;1.6;3.8;5.5;2.2;0.5;0.8;1.6;2.4;7.8;7700000
54;Mike Conley;PG;34;UTA;72;72;28.6;4.8;11.0;2.3;5.8;2.4;5.2;.542;1.8;2.3;0.7;2.4;3.0;5.3;1.3;0.3;1.7;2.0;13.7;24360000
55;Pat Connaughton;SF;29;MIL;65;19;26.0;3.5;7.6;2.2;5.7;1.2;1.9;.605;0.7;0.8;0.7;3.5;4.2;1.3;0.9;0.2;0.5;1.3;9.9;9423869
56;Robert Covington;PF;31;TOT;71;42;27.3;2.9;7.0;1.8;4.8;1.1;2.2;.548;0.8;1.0;0.8;4.7;5.5;1.3;1.5;1.3;1.1;2.7;8.5;11692308
57;Cade Cunningham;SG;20;DET;64;64;32.6;6.7;16.1;1.8;5.7;4.9;10.4;.471;2.2;2.6;0.9;4.6;5.5;5.6;1.2;0.7;3.7;3.1;17.4;11055360
58;Stephen Curry;PG;33;GSW;64;64;34.5;8.4;19.1;4.5;11.7;3.9;7.4;.554;4.3;4.7;0.5;4.7;5.2;6.3;1.3;0.4;3.2;2.0;25.5;51915615
59;Anthony Davis;C;28;LAL;40;40;35.1;9.3;17.4;0.3;1.8;8.9;15.6;.542;4.4;6.1;2.7;7.2;9.9;3.1;1.2;2.3;2.1;2.4;23.2;40600080
60;Dewayne Dedmon;C;32;MIA;67;15;15.9;2.4;4.3;0.3;0.7;2.2;3.6;.598;1.1;1.5;1.6;4.2;5.8;0.7;0.4;0.6;1.0;2.6;6.3;7190667
61;DeMar DeRozan;PF;32;CHI;76;76;36.1;10.2;20.2;0.7;1.9;9.5;18.3;.521;6.8;7.8;0.7;4.4;5.2;4.9;0.9;0.3;2.4;2.3;27.9;28600000
62;Spencer Dinwiddie;PG;28;TOT;67;51;29.6;4.6;11.0;1.7;4.9;2.9;6.0;.493;2.9;3.8;0.7;3.5;4.2;5.2;0.7;0.2;1.6;2.2;13.7;20357143
63;Luka Dončić;PG;22;DAL;65;65;35.4;9.9;21.6;3.1;8.8;6.8;12.8;.529;5.6;7.5;0.9;8.3;9.1;8.7;1.2;0.6;4.5;2.2;28.4;40064220
64;Luguentz Dort;SG;22;OKC;51;51;32.6;5.7;14.2;2.5;7.7;3.2;6.6;.493;3.2;3.7;0.7;3.4;4.2;1.7;0.9;0.4;1.7;2.9;17.2;15277778
65;Andre Drummond;C;28;TOT;73;36;19.7;3.4;5.9;0.0;0.0;3.4;5.9;.570;1.2;2.2;3.1;6.2;9.3;1.8;1.1;0.9;1.6;2.6;7.9;3360000
66;Chris Duarte;SG;24;IND;55;39;28.0;4.9;11.3;1.7;4.6;3.2;6.7;.507;1.6;2.0;0.7;3.4;4.1;2.1;1.0;0.2;1.6;1.7;13.1;4124400
67;Kris Dunn;PG;27;POR;14;3;24.0;3.1;7.3;0.1;0.8;3.1;6.5;.436;1.2;1.3;0.6;2.9;3.5;5.6;1.6;0.2;2.3;2.7;7.6;2586665
68;Kevin Durant;PF;33;BRK;55;55;37.2;10.5;20.3;2.1;5.5;8.4;14.8;.570;6.8;7.4;0.5;6.9;7.4;6.4;0.9;0.9;3.5;2.1;29.9;47649433
69;Anthony Edwards;SG;20;MIN;72;72;34.3;7.6;17.3;3.0;8.4;4.6;8.9;.527;3.1;3.9;0.9;3.9;4.8;3.8;1.5;0.6;2.6;2.3;21.3;13534817
70;Kessler Edwards;SF;21;BRK;48;23;20.6;2.3;5.6;1.0;2.8;1.3;2.7;.502;0.3;0.4;0.9;2.7;3.6;0.6;0.6;0.5;0.9;1.8;5.9;1927896
71;Joel Embiid;C;27;PHI;68;68;33.8;9.8;19.6;1.4;3.7;8.4;15.9;.534;9.6;11.8;2.1;9.6;11.7;4.2;1.1;1.5;3.1;2.7;30.6;46900000
72;Bruno Fernando;C;23;TOT;30;0;5.1;1.2;1.8;0.0;0.1;1.2;1.8;.664;0.5;0.8;0.6;1.2;1.8;0.2;0.0;0.4;0.5;0.8;2.9;2581522
73;Dorian Finney-Smith;PF;28;DAL;80;80;33.1;4.1;8.7;2.2;5.4;1.9;3.2;.595;0.7;1.0;1.5;3.2;4.7;1.9;1.1;0.5;1.0;2.3;11.0;13932008
74;Malik Fitts;PF;24;TOT;15;0;4.2;0.5;1.3;0.3;0.7;0.2;0.6;.553;0.0;0.0;0.1;1.0;1.1;0.3;0.0;0.0;0.1;0.3;1.4;555217
75;Malachi Flynn;PG;23;TOR;44;5;12.2;1.6;4.2;0.7;2.0;1.0;2.1;.475;0.3;0.5;0.2;1.2;1.4;1.6;0.5;0.1;0.3;1.0;4.3;3873025
76;Evan Fournier;SG;29;NYK;80;80;29.5;5.0;12.1;3.0;7.7;2.0;4.3;.541;1.0;1.4;0.4;2.2;2.6;2.1;1.0;0.3;1.3;2.3;14.1;18857143
77;De'Aaron Fox;PG;24;SAC;59;59;35.3;8.7;18.5;1.3;4.2;7.5;14.3;.506;4.4;5.9;0.4;3.5;3.9;5.6;1.2;0.4;2.8;2.9;23.2;32600060
78;Markelle Fultz;PG;23;ORL;18;3;20.0;4.6;9.7;0.2;0.9;4.4;8.8;.486;1.4;1.7;0.2;2.5;2.7;5.5;1.1;0.3;2.2;1.2;10.8;17000000
79;Daniel Gafford;C;23;WAS;72;53;20.1;4.0;5.7;0.0;0.0;4.0;5.7;.693;1.5;2.1;2.2;3.5;5.7;0.9;0.4;1.4;0.9;2.4;9.4;12402000
80;Danilo Gallinari;PF;33;ATL;66;18;25.3;3.9;9.0;1.7;4.5;2.2;4.6;.528;2.1;2.4;0.5;4.1;4.7;1.5;0.4;0.2;0.6;1.4;11.7;6802950
81;Darius Garland;PG;22;CLE;68;68;35.7;8.0;17.3;2.6;6.7;5.4;10.6;.536;3.2;3.5;0.6;2.7;3.3;8.6;1.3;0.1;3.6;1.7;21.7;33500000
82;Usman Garuba;PF;19;HOU;24;2;10.0;0.8;1.8;0.2;0.8;0.6;1.0;.489;0.2;0.3;0.9;2.6;3.5;0.7;0.4;0.5;0.3;1.2;2.0;2588400
83;Rudy Gay;PF;35;UTA;55;1;18.9;2.9;6.9;1.3;3.7;1.6;3.2;.507;1.1;1.4;1.0;3.4;4.4;1.0;0.5;0.3;0.9;1.7;8.1;6479000
84;Paul George;PF;31;LAC;31;31;34.7;8.6;20.5;2.9;8.3;5.7;12.2;.493;4.1;4.8;0.4;6.5;6.9;5.7;2.2;0.4;4.1;2.4;24.3;45640084
85;Josh Giddey;SF;19;OKC;54;54;31.5;5.2;12.4;1.0;3.9;4.2;8.5;.461;1.0;1.5;1.8;6.0;7.8;6.4;0.9;0.4;3.2;1.6;12.5;6587040
86;Shai Gilgeous-Alexander;PG;23;OKC;56;56;34.7;8.5;18.8;1.6;5.3;6.9;13.5;.496;5.9;7.2;0.7;4.3;5.0;5.9;1.3;0.8;2.8;2.5;24.5;33386850
87;Anthony Gill;PF;29;WAS;44;0;10.5;1.4;2.5;0.3;0.6;1.1;1.9;.633;1.0;1.2;0.8;1.2;1.9;0.6;0.1;0.3;0.4;1.3;4.1;1997238
88;Rudy Gobert;C;29;UTA;66;66;32.1;5.5;7.7;0.0;0.1;5.5;7.6;.713;4.6;6.7;3.7;11.0;14.7;1.1;0.7;2.1;1.8;2.7;15.6;41000000
89;Jordan Goodwin;SG;23;WAS;2;0;3.0;0.0;1.5;0.0;0.5;0.0;1.0;.000;0.0;0.0;0.0;0.5;0.5;0.0;0.0;0.0;0.0;0.5;0.0;1927896
90;Aaron Gordon;PF;26;DEN;75;75;31.7;5.8;11.1;1.2;3.5;4.6;7.7;.573;2.3;3.1;1.7;4.2;5.9;2.5;0.6;0.6;1.8;2.0;15.0;21266182
91;Devonte' Graham;PG;26;NOP;76;63;28.4;3.9;10.7;2.5;7.4;1.4;3.3;.481;1.6;1.8;0.5;1.8;2.3;4.2;0.9;0.2;1.4;1.3;11.9;12100000
92;Jalen Green;SG;19;HOU;67;67;31.9;6.1;14.2;2.3;6.8;3.7;7.4;.508;2.8;3.5;0.5;2.9;3.4;2.6;0.7;0.3;2.0;1.5;17.3;9891480
93;Josh Green;SG;21;DAL;67;3;15.5;1.9;3.8;0.4;1.2;1.5;2.7;.563;0.5;0.7;0.8;1.6;2.4;1.2;0.7;0.2;0.7;1.7;4.8;4765339
94;Quentin Grimes;SG;21;NYK;46;6;17.1;2.1;5.1;1.6;4.1;0.5;1.0;.557;0.3;0.4;0.5;1.5;2.0;1.0;0.7;0.2;0.6;1.6;6.0;2385720
95;Tyrese Haliburton;SG-PG;21;TOT;77;77;35.0;5.6;11.8;2.1;5.1;3.5;6.8;.562;2.1;2.5;0.8;3.2;4.0;8.2;1.7;0.6;2.6;1.6;15.3;5808435
96;Tim Hardaway Jr.;SG;29;DAL;42;20;29.6;5.0;12.6;2.4;7.2;2.5;5.4;.491;1.9;2.5;0.3;3.4;3.7;2.2;0.9;0.1;0.8;1.8;14.2;17897728
97;James Harden;PG;32;TOT;65;65;37.2;6.3;15.3;2.3;6.9;4.0;8.4;.485;7.2;8.2;0.8;6.8;7.7;10.3;1.3;0.6;4.4;2.4;22.0;35640000
98;Gary Harris;SG;27;ORL;61;30;28.4;3.9;9.1;1.9;5.0;2.0;4.1;.539;1.4;1.6;0.6;1.4;2.0;1.8;1.0;0.1;1.0;1.8;11.1;13000000
99;Joe Harris;SF;30;BRK;14;14;30.2;4.0;8.9;2.9;6.3;1.1;2.6;.617;0.4;0.4;0.4;3.6;4.0;1.0;0.5;0.1;1.1;2.2;11.3;19928571
100;Tobias Harris;PF;29;PHI;73;73;34.8;6.8;14.0;1.4;3.8;5.4;10.2;.532;2.3;2.8;1.1;5.7;6.8;3.5;0.6;0.6;1.6;2.2;17.2;39270150
101;Josh Hart;SG;26;TOT;54;53;33.2;5.3;10.5;1.4;3.9;4.0;6.6;.569;3.0;3.9;1.1;6.0;7.2;4.1;1.1;0.2;2.1;2.8;14.9;12960000
102;Isaiah Hartenstein;C;23;LAC;68;0;17.9;3.4;5.4;0.2;0.4;3.2;4.9;.645;1.3;1.9;1.7;3.2;4.9;2.4;0.7;1.1;1.2;2.5;8.3;8195121
103;Sam Hauser;SF;24;BOS;26;0;6.1;0.9;1.9;0.7;1.7;0.2;0.2;.650;0.0;0.0;0.2;0.9;1.1;0.4;0.0;0.1;0.1;0.3;2.5;1927896
104;Killian Hayes;PG;20;DET;66;40;25.0;2.7;7.0;0.7;2.5;2.0;4.4;.431;0.9;1.1;0.5;2.6;3.2;4.2;1.2;0.5;1.7;2.8;6.9;7413955
105;Gordon Hayward;SF;31;CHO;49;48;31.9;5.8;12.6;1.8;4.5;4.0;8.1;.528;2.6;3.0;0.8;3.8;4.6;3.6;1.0;0.4;1.7;1.7;15.9;31500000
106;Willy Hernangómez;C;27;NOP;50;8;16.8;3.4;6.5;0.1;0.2;3.3;6.3;.526;2.2;2.8;2.9;3.9;6.8;1.3;0.4;0.4;1.0;1.9;9.1;2559942
107;Tyler Herro;SG;22;MIA;66;10;32.6;7.6;17.0;2.7;6.7;4.9;10.3;.525;2.9;3.3;0.5;4.5;5.0;4.0;0.7;0.1;2.6;1.4;20.7;27000000
108;Buddy Hield;SG;29;TOT;81;32;30.9;5.5;13.6;3.2;8.8;2.3;4.7;.526;1.4;1.6;0.8;3.5;4.4;2.8;0.9;0.3;1.9;2.3;15.6;19279841
109;Haywood Highsmith;SF;25;MIA;19;1;8.6;0.8;2.4;0.5;1.5;0.4;0.9;.446;0.1;0.3;0.5;0.8;1.4;0.3;0.1;0.2;0.2;0.7;2.3;1902137
110;Jrue Holiday;PG;31;MIL;67;64;33.0;7.1;14.2;2.0;4.8;5.2;9.4;.570;2.0;2.7;1.0;3.5;4.5;6.8;1.6;0.4;2.7;2.0;18.3;36158747
111;Richaun Holmes;C;28;SAC;45;37;23.9;4.4;6.7;0.0;0.1;4.4;6.6;.663;1.6;2.0;2.1;5.0;7.0;1.1;0.4;0.9;1.2;2.8;10.4;12046020
112;Al Horford;C;35;BOS;69;69;29.1;3.9;8.2;1.3;3.8;2.6;4.4;.546;1.2;1.4;1.6;6.1;7.7;3.4;0.7;1.3;0.9;1.9;10.2;10000000
113;Talen Horton-Tucker;SG;21;LAL;60;19;25.2;3.7;9.0;0.8;3.0;2.9;5.9;.462;1.7;2.1;0.6;2.6;3.2;2.7;1.0;0.5;1.4;2.5;10.0;11020000
114;Danuel House Jr.;SF;28;TOT;42;7;17.3;1.9;4.7;1.0;2.8;0.9;1.9;.515;1.0;1.4;0.4;2.2;2.6;1.0;0.5;0.4;0.8;1.2;5.9;4310250
115;Kevin Huerter;SF;23;ATL;74;60;29.6;4.7;10.3;2.2;5.6;2.5;4.7;.559;0.6;0.7;0.4;3.0;3.4;2.7;0.7;0.4;1.2;2.5;12.1;15669643
116;De'Andre Hunter;SF;24;ATL;53;52;29.8;4.8;10.8;1.4;3.7;3.4;7.2;.506;2.4;3.1;0.5;2.8;3.3;1.3;0.7;0.4;1.3;2.9;13.4;20089286
117;Bones Hyland;SG;21;DEN;69;4;19.0;3.3;8.3;1.9;5.2;1.4;3.1;.518;1.6;1.8;0.2;2.5;2.7;2.8;0.6;0.3;1.2;2.2;10.1;2306400
118;Brandon Ingram;SF;24;NOP;55;55;34.0;8.2;17.9;1.3;4.1;6.9;13.8;.498;4.8;5.9;0.6;5.2;5.8;5.6;0.6;0.5;2.7;2.2;22.7;33833400
119;Isaiah Jackson;C;20;IND;36;15;15.0;3.2;5.7;0.1;0.4;3.1;5.3;.575;1.7;2.4;1.7;2.5;4.1;0.3;0.7;1.4;1.1;2.6;8.3;2696280
120;Jaren Jackson Jr.;PF;22;MEM;78;78;27.3;5.5;13.3;1.6;5.1;3.9;8.1;.477;3.6;4.4;1.5;4.3;5.8;1.1;0.9;2.3;1.7;3.5;16.3;27102202
121;LeBron James;C;37;LAL;56;56;37.2;11.4;21.8;2.9;8.0;8.6;13.8;.590;4.5;6.0;1.1;7.1;8.2;6.2;1.3;1.1;3.5;2.2;30.3;53369986
122;Isaiah Joe;SG;22;PHI;55;1;11.1;1.1;3.2;0.8;2.5;0.3;0.8;.477;0.5;0.6;0.1;0.9;1.0;0.6;0.3;0.1;0.3;0.9;3.6;1997238
123;Jalen Johnson;PF;20;ATL;22;0;5.5;1.0;1.9;0.1;0.6;0.9;1.3;.573;0.2;0.3;0.1;1.1;1.2;0.1;0.1;0.1;0.4;0.4;2.4;2925360
124;Keldon Johnson;SF;22;SAS;75;74;31.9;6.3;13.5;2.1;5.3;4.2;8.2;.545;2.4;3.1;1.1;5.0;6.1;2.1;0.8;0.2;1.2;2.0;17.0;20000000
125;Keon Johnson;SG;19;TOT;37;12;18.8;2.6;7.4;0.9;2.7;1.7;4.6;.415;1.1;1.4;0.6;1.5;2.2;2.1;0.8;0.3;1.2;1.9;7.2;2808720
126;Nikola Jokić;C;26;DEN;74;74;33.5;10.3;17.7;1.3;3.9;9.0;13.8;.620;5.1;6.3;2.8;11.0;13.8;7.9;1.5;0.9;3.8;2.6;27.1;46900000
127;Carlik Jones;PG;24;TOT;5;0;4.6;0.2;1.8;0.0;0.2;0.2;1.6;.111;0.4;0.4;0.2;0.4;0.6;1.0;0.2;0.0;0.6;0.0;0.8;1927896
128;Damian Jones;C;26;SAC;56;15;18.2;3.1;4.8;0.2;0.5;2.9;4.2;.677;1.7;2.3;1.3;3.1;4.4;1.2;0.5;0.8;1.1;2.3;8.1;2586665
129;Derrick Jones Jr.;PF;24;CHI;51;8;17.6;2.1;3.8;0.4;1.2;1.7;2.6;.590;1.1;1.4;1.2;2.1;3.3;0.6;0.5;0.6;0.6;2.1;5.6;3360000
130;Kai Jones;C;21;CHO;21;0;3.0;0.4;0.7;0.0;0.1;0.4;0.6;.679;0.1;0.4;0.1;0.4;0.5;0.2;0.0;0.1;0.3;0.4;1.0;3047880
131;Tyus Jones;PG;25;MEM;73;23;21.2;3.4;7.6;1.1;2.8;2.3;4.8;.524;0.7;0.9;0.2;2.2;2.4;4.4;0.9;0.0;0.6;0.4;8.7;14000000
132;Luke Kennard;SG;25;LAC;70;13;27.4;4.1;9.1;2.7;6.0;1.4;3.1;.598;1.0;1.1;0.3;3.0;3.3;2.1;0.6;0.1;0.9;1.4;11.9;15418363
133;Corey Kispert;SF;22;WAS;77;36;23.4;3.0;6.7;1.5;4.2;1.6;2.5;.564;0.7;0.8;0.7;2.0;2.7;1.1;0.5;0.3;0.6;1.2;8.2;3722040
134;Maxi Kleber;PF;30;DAL;59;21;24.6;2.4;6.0;1.4;4.3;1.0;1.7;.516;0.8;1.1;1.2;4.7;5.9;1.2;0.5;1.0;0.8;2.3;7.0;11000000
135;Kevin Knox;SF;22;TOT;30;0;7.4;1.0;2.8;0.5;1.8;0.5;1.0;.453;0.5;0.7;0.5;1.0;1.5;0.3;0.1;0.1;0.2;0.6;3.1;3000000
136;John Konchar;SG;25;MEM;72;7;17.9;1.9;3.6;0.7;1.8;1.2;1.9;.615;0.4;0.7;1.2;3.4;4.6;1.5;0.6;0.3;0.4;1.3;4.8;2400000
137;Furkan Korkmaz;SG;24;PHI;67;19;21.1;2.7;7.0;1.1;4.0;1.6;3.0;.469;1.0;1.3;0.3;2.3;2.6;1.9;0.5;0.1;0.7;0.9;7.6;5370370
138;Luke Kornet;C;26;TOT;15;0;6.9;0.9;1.8;0.0;0.3;0.9;1.5;.481;0.3;0.4;0.9;1.1;1.9;0.6;0.2;0.2;0.0;0.6;2.0;2413304
139;Vit Krejci;SG;21;OKC;30;8;23.0;2.3;5.6;1.1;3.3;1.2;2.3;.503;0.6;0.7;0.6;2.8;3.4;1.9;0.6;0.3;1.0;2.2;6.2;1836096
140;Jonathan Kuminga;SF;19;GSW;70;12;16.9;3.4;6.6;0.7;2.1;2.7;4.4;.567;1.9;2.7;0.8;2.6;3.3;0.9;0.4;0.3;1.1;2.1;9.3;6012840
141;Zach LaVine;SG;26;CHI;67;67;34.7;8.4;17.7;2.8;7.1;5.7;10.6;.554;4.8;5.6;0.3;4.3;4.6;4.5;0.6;0.3;2.6;1.8;24.4;40064220
142;Kira Lewis Jr.;PG;20;NOP;24;0;14.2;2.5;6.1;0.5;2.4;1.9;3.7;.449;0.4;0.5;0.4;1.3;1.6;2.0;0.5;0.0;1.1;0.7;5.9;5722116
143;Damian Lillard;PG;31;POR;29;29;36.4;7.7;19.0;3.2;9.8;4.5;9.2;.486;5.5;6.2;0.4;3.7;4.1;7.3;0.6;0.4;2.9;1.3;24.0;45640084
144;Nassir Little;SF;21;POR;42;23;25.9;3.5;7.5;1.2;3.7;2.2;3.8;.541;1.6;2.2;1.4;4.2;5.6;1.3;0.6;0.9;1.0;2.0;9.8;6250000
145;Isaiah Livers;SF;23;DET;19;5;20.2;2.2;4.7;1.4;3.4;0.7;1.4;.606;0.6;0.7;0.8;2.2;3.0;1.1;0.7;0.4;0.8;1.9;6.4;1836096
146;Kevon Looney;C;25;GSW;82;80;21.1;2.5;4.4;0.0;0.0;2.5;4.4;.571;0.9;1.5;2.5;4.7;7.3;2.0;0.6;0.6;0.8;2.6;6.0;8500000
147;Didi Louzada;SG-SF;22;TOT;9;1;14.3;1.3;3.7;1.0;2.6;0.3;1.1;.500;0.2;0.2;0.6;1.3;1.9;0.6;0.2;0.2;0.6;1.4;3.9;268032
148;Kyle Lowry;PG;35;MIA;63;63;33.9;4.4;10.0;2.3;6.1;2.1;3.9;.555;2.3;2.8;0.5;4.0;4.5;7.5;1.1;0.3;2.7;2.8;13.4;29682540
149;Terance Mann;SF;25;LAC;81;33;28.6;4.1;8.5;0.9;2.6;3.2;6.0;.539;1.6;2.0;1.3;4.0;5.2;2.6;0.7;0.3;1.0;2.2;10.8;10576923
150;Tre Mann;PG;20;OKC;60;26;22.8;3.9;9.8;1.6;4.5;2.2;5.3;.476;1.1;1.4;0.4;2.4;2.9;1.5;0.8;0.2;1.2;1.7;10.4;3191400
151;Lauri Markkanen;SF;24;CLE;61;61;30.8;5.1;11.5;2.2;6.2;2.9;5.3;.542;2.3;2.6;1.0;4.7;5.7;1.3;0.7;0.5;0.9;2.1;14.8;17259999
152;Naji Marshall;SF;24;NOP;55;4;13.4;2.0;4.9;0.4;1.9;1.6;3.0;.444;1.3;1.7;0.7;1.9;2.6;1.1;0.6;0.1;0.8;1.3;5.7;1930681
153;Caleb Martin;SF;26;MIA;60;12;22.9;3.5;6.8;1.1;2.6;2.4;4.3;.585;1.2;1.6;1.2;2.7;3.8;1.1;1.0;0.5;0.9;1.7;9.2;6802950
154;Cody Martin;SF;26;CHO;71;11;26.3;2.9;6.0;0.9;2.2;2.0;3.7;.554;1.1;1.5;1.2;2.9;4.0;2.5;1.2;0.5;0.9;1.6;7.7;7560000
155;Kenyon Martin Jr.;SF;21;HOU;79;2;21.0;3.5;6.6;0.8;2.1;2.8;4.5;.591;1.0;1.6;1.0;2.7;3.8;1.3;0.4;0.5;0.8;1.4;8.8;1930681
156;Garrison Mathews;SG;25;HOU;65;33;26.3;2.8;7.1;2.1;5.9;0.7;1.2;.550;2.2;2.8;0.5;2.4;2.9;1.0;0.9;0.4;0.6;2.6;10.0;2000000
157;Tyrese Maxey;PG;21;PHI;75;74;35.3;6.4;13.3;1.8;4.1;4.7;9.1;.552;2.8;3.3;0.3;2.9;3.2;4.3;0.7;0.4;1.2;2.1;17.5;4343920
158;Miles McBride;PG;21;NYK;40;2;9.3;0.8;2.7;0.4;1.7;0.4;1.0;.375;0.2;0.3;0.1;1.0;1.1;1.0;0.4;0.0;0.1;1.1;2.2;1836096
159;CJ McCollum;SG;30;TOT;62;62;34.6;8.6;18.8;2.9;7.6;5.7;11.2;.539;1.9;2.7;0.9;3.5;4.3;5.1;1.1;0.4;2.0;2.0;22.1;35802469
160;T.J. McConnell;PG;29;IND;27;8;24.1;3.7;7.7;0.4;1.2;3.3;6.5;.505;0.7;0.9;0.7;2.6;3.3;4.9;1.1;0.4;1.1;2.0;8.5;8700000
161;Jaden McDaniels;PF;21;MIN;70;31;25.8;3.6;7.9;1.1;3.6;2.5;4.3;.532;0.8;1.0;1.1;3.1;4.2;1.1;0.7;0.8;1.1;3.2;9.2;3901399
162;Doug McDermott;PF;30;SAS;51;51;24.0;4.2;9.1;2.1;5.0;2.1;4.1;.578;0.8;1.0;0.4;1.9;2.3;1.3;0.3;0.1;0.8;1.5;11.3;13750000
163;JaVale McGee;C;34;PHO;74;17;15.8;3.9;6.2;0.0;0.1;3.9;6.1;.631;1.4;2.0;2.2;4.5;6.7;0.6;0.3;1.1;1.3;2.4;9.2;5734280
164;Jordan McLaughlin;PG;25;MIN;62;3;14.5;1.4;3.2;0.4;1.4;1.0;1.9;.508;0.5;0.6;0.4;1.2;1.5;2.9;0.9;0.2;0.6;0.9;3.8;2320000
165;De'Anthony Melton;SG;23;MEM;73;15;22.7;3.8;9.5;1.9;5.1;1.9;4.4;.504;1.2;1.6;0.9;3.6;4.5;2.7;1.4;0.5;1.5;1.8;10.8;8000000
166;Sam Merrill;SG;25;MEM;6;0;9.7;1.3;4.0;1.2;3.8;0.2;0.2;.479;0.3;0.7;0.2;1.0;1.2;0.7;0.0;0.0;0.3;0.5;4.2;1997238
167;Patty Mills;SG;33;BRK;81;48;29.0;4.0;9.8;2.8;7.0;1.2;2.8;.551;0.6;0.7;0.2;1.7;1.9;2.3;0.6;0.2;0.9;1.4;11.4;6802950
168;Davion Mitchell;PG;23;SAC;75;19;27.7;4.7;11.2;1.3;4.3;3.3;7.0;.477;0.7;1.1;0.4;1.8;2.2;4.2;0.7;0.3;1.5;1.9;11.5;5063640
169;Donovan Mitchell;SG;25;UTA;67;67;33.8;9.2;20.5;3.5;9.8;5.7;10.8;.533;4.0;4.7;0.8;3.4;4.2;5.3;1.5;0.2;3.0;2.4;25.9;33162030
170;Evan Mobley;PF;20;CLE;69;69;33.8;6.1;12.0;0.3;1.3;5.8;10.7;.522;2.4;3.7;2.1;6.2;8.3;2.5;0.8;1.7;1.9;2.1;15.0;8882640
171;Malik Monk;SG;23;LAL;76;37;28.1;5.1;10.9;2.3;5.8;2.9;5.1;.578;1.2;1.5;0.5;2.9;3.4;2.9;0.8;0.4;1.6;1.8;13.8;9945830
172;Moses Moody;SG;19;GSW;52;11;11.7;1.5;3.5;0.8;2.1;0.8;1.4;.546;0.5;0.7;0.3;1.2;1.5;0.4;0.1;0.2;0.3;0.8;4.4;3918480
173;Ja Morant;PG;22;MEM;57;57;33.1;10.2;20.6;1.5;4.5;8.6;16.2;.530;5.5;7.3;1.4;4.4;5.7;6.7;1.2;0.4;3.4;1.5;27.4;33500000
174;Juwan Morgan;PF;24;TOT;2;0;15.5;1.0;1.5;0.5;1.0;0.5;0.5;.833;0.0;0.0;1.0;1.0;2.0;0.5;0.0;0.0;0.0;1.5;2.5;576230
175;Marcus Morris;PF;32;LAC;54;54;29.0;5.6;12.8;1.9;5.1;3.7;7.7;.507;2.4;2.7;0.5;3.9;4.4;2.1;0.5;0.3;1.3;2.1;15.4;17116279
176;Monte Morris;PG;26;DEN;75;74;29.9;5.0;10.3;1.7;4.2;3.3;6.1;.564;1.0;1.1;0.4;2.7;3.0;4.4;0.7;0.2;1.0;1.2;12.6;9800926
177;Trey Murphy III;SF;21;NOP;62;1;13.9;1.8;4.5;1.1;3.0;0.6;1.5;.522;0.7;0.8;0.8;1.6;2.4;0.6;0.4;0.1;0.3;1.0;5.4;3359280
178;Dejounte Murray;PG;25;SAS;68;68;34.8;8.4;18.3;1.4;4.3;7.0;13.9;.500;2.9;3.6;1.2;7.1;8.3;9.2;2.0;0.3;2.6;2.0;21.1;17714000
179;Mike Muscala;C;30;OKC;43;0;13.8;2.6;5.8;1.6;3.8;1.0;2.0;.597;1.1;1.3;0.5;2.5;3.0;0.5;0.4;0.6;0.3;1.3;8.0;3500000
180;Larry Nance Jr.;C-PF;29;TOT;46;11;22.6;2.8;5.4;0.5;1.5;2.3;3.8;.569;0.9;1.2;1.6;3.8;5.4;1.8;0.9;0.4;0.8;1.8;7.0;10375000
181;Aaron Nesmith;SF;22;BOS;52;3;11.0;1.4;3.5;0.6;2.2;0.8;1.3;.481;0.4;0.5;0.3;1.4;1.7;0.4;0.4;0.1;0.6;1.3;3.8;5634257
182;Zeke Nnaji;PF;21;DEN;41;1;17.0;2.3;4.5;0.9;2.0;1.4;2.6;.616;1.0;1.6;1.4;2.2;3.6;0.4;0.4;0.3;0.6;1.9;6.6;4306281
183;Jusuf Nurkić;C;27;POR;56;56;28.2;5.7;10.7;0.3;1.0;5.5;9.7;.548;3.3;4.8;3.0;8.1;11.1;2.8;1.1;0.6;2.6;3.4;15.0;16875000
184;Jordan Nwora;SF;23;MIL;62;13;19.1;3.0;7.5;1.3;3.7;1.7;3.8;.488;0.6;0.7;0.6;3.0;3.6;1.0;0.4;0.3;0.9;1.3;7.9;3000000
185;Royce O'Neale;SF;28;UTA;77;77;31.2;2.6;5.8;1.5;4.0;1.1;1.8;.591;0.6;0.7;0.8;3.9;4.8;2.5;1.1;0.4;1.0;2.4;7.4;9500000
186;Chuma Okeke;PF;23;ORL;70;20;25.0;3.1;8.2;1.7;5.3;1.4;2.9;.478;0.8;0.9;0.7;4.3;5.0;1.7;1.4;0.6;0.8;1.4;8.6;5266713
187;Onyeka Okongwu;C;21;ATL;48;6;20.7;3.3;4.7;0.0;0.0;3.3;4.7;.690;1.7;2.3;2.4;3.5;5.9;1.1;0.6;1.3;0.9;3.1;8.2;8109063
188;Isaac Okoro;SF;21;CLE;67;61;29.6;3.1;6.4;0.8;2.3;2.3;4.1;.544;1.8;2.3;1.1;1.9;3.0;1.8;0.8;0.3;0.9;2.4;8.8;8920795
189;Victor Oladipo;SG;29;MIA;8;1;21.6;4.4;9.1;1.9;4.5;2.5;4.6;.582;1.8;2.4;0.4;2.5;2.9;3.5;0.6;0.1;2.0;1.6;12.4;9450000
190;Kelly Olynyk;C;30;DET;40;1;19.1;3.2;7.2;1.0;3.0;2.2;4.2;.517;1.7;2.2;1.4;3.1;4.4;2.8;0.8;0.5;1.5;2.5;9.1;12195122
191;Cedi Osman;SF;26;CLE;66;3;22.2;3.7;8.7;1.9;5.4;1.8;3.2;.544;1.3;2.0;0.4;1.8;2.2;2.0;0.8;0.2;1.0;1.9;10.7;6718842
192;Chris Paul;PG;36;PHO;65;65;32.9;5.6;11.3;1.0;3.1;4.6;8.3;.536;2.6;3.1;0.3;4.0;4.4;10.8;1.9;0.3;2.4;2.1;14.7;30800000
193;Cameron Payne;PG;27;PHO;58;12;22.0;4.1;10.1;1.2;3.6;2.9;6.5;.469;1.3;1.5;0.4;2.6;3.0;4.9;0.7;0.3;1.8;2.1;10.8;6500000
194;Gary Payton II;SG;29;GSW;71;16;17.6;3.0;4.8;0.6;1.7;2.4;3.2;.679;0.5;0.8;1.0;2.5;3.5;0.9;1.4;0.3;0.6;1.8;7.1;8715000
195;Aleksej Pokusevski;PF;20;OKC;61;12;20.2;3.0;7.5;0.9;3.2;2.1;4.2;.470;0.6;0.8;1.2;4.0;5.2;2.1;0.6;0.6;1.5;1.4;7.6;5009633
196;Jordan Poole;SG;22;GSW;76;51;30.0;6.2;13.9;2.8;7.6;3.5;6.3;.548;3.2;3.5;0.4;3.0;3.4;4.0;0.8;0.3;2.5;2.7;18.5;28705357
197;Kevin Porter Jr.;PG;21;HOU;61;61;31.3;5.5;13.2;2.5;6.8;3.0;6.5;.511;2.0;3.2;0.7;3.7;4.4;6.2;1.1;0.4;3.1;2.6;15.6;18239000
198;Michael Porter Jr.;SF;23;DEN;9;9;29.4;4.1;11.4;1.1;5.3;3.0;6.1;.408;0.6;1.0;1.0;5.6;6.6;1.9;1.1;0.2;1.3;1.8;9.9;33386850
199;Otto Porter Jr.;PF;28;GSW;63;15;22.2;3.1;6.6;1.3;3.4;1.8;3.2;.560;0.8;1.0;1.4;4.4;5.7;1.5;1.1;0.5;0.6;1.3;8.2;6300000
200;Bobby Portis;C;26;MIL;72;59;28.2;5.8;12.1;1.8;4.7;3.9;7.4;.555;1.2;1.6;2.5;6.6;9.1;1.2;0.7;0.7;1.3;2.4;14.6;11710818
201;Kristaps Porziņģis;PF;26;TOT;51;51;29.0;6.9;15.0;1.5;4.9;5.4;10.1;.510;4.9;5.6;2.0;6.1;8.1;2.3;0.7;1.6;1.6;2.7;20.2;36016200
202;Norman Powell;SF-SG;28;TOT;45;41;32.4;6.2;13.4;2.4;5.6;3.8;7.8;.549;4.2;5.2;0.4;2.8;3.2;2.1;0.9;0.5;1.5;2.4;19.0;18000000
203;Joshua Primo;SF;19;SAS;50;16;19.3;2.0;5.4;0.8;2.7;1.2;2.7;.452;0.9;1.2;0.6;1.6;2.3;1.6;0.4;0.5;1.1;1.6;5.8;4341600
204;Payton Pritchard;PG;24;BOS;71;2;14.1;2.3;5.3;1.4;3.5;0.8;1.8;.564;0.3;0.3;0.5;1.4;1.9;2.0;0.4;0.1;0.6;0.9;6.2;4037277
205;Immanuel Quickley;PG;22;NYK;78;3;23.1;3.6;9.3;1.8;5.1;1.9;4.2;.487;2.3;2.6;0.4;2.8;3.2;3.5;0.7;0.0;1.3;2.1;11.3;4171548
206;Julius Randle;PF;27;NYK;72;72;35.3;7.1;17.3;1.7;5.4;5.4;11.9;.459;4.2;5.6;1.7;8.2;9.9;5.1;0.7;0.5;3.4;2.8;20.1;25660800
207;Naz Reid;C;22;MIN;77;6;15.8;3.0;6.2;0.7;2.2;2.3;4.0;.549;1.5;1.9;1.3;2.6;3.9;0.9;0.5;0.9;1.1;2.2;8.3;12950400
208;Duncan Robinson;SG;27;MIA;79;68;25.9;3.7;9.2;2.9;7.9;0.7;1.3;.559;0.6;0.8;0.3;2.3;2.6;1.6;0.5;0.2;0.8;2.5;10.9;18154000
209;Mitchell Robinson;C;23;NYK;72;62;25.7;3.6;4.8;0.0;0.0;3.6;4.8;.761;1.2;2.5;4.1;4.5;8.6;0.5;0.8;1.8;0.8;2.7;8.5;15681818
210;Jeremiah Robinson-Earl;C;21;OKC;49;36;22.2;2.7;6.6;1.2;3.4;1.6;3.2;.503;0.8;1.1;1.5;4.1;5.6;1.0;0.6;0.3;0.8;1.5;7.5;1900000
211;Terry Rozier;SG;27;CHO;73;73;33.7;7.1;16.0;3.0;8.1;4.1;7.9;.539;2.1;2.4;0.8;3.5;4.3;4.5;1.3;0.3;1.3;1.6;19.3;23205221
212;Ricky Rubio;PG;31;CLE;34;8;28.5;4.4;12.1;1.7;5.1;2.6;7.0;.434;2.6;3.0;0.4;3.7;4.1;6.6;1.4;0.2;2.6;2.2;13.1;6146342
213;Domantas Sabonis;PF;25;TOT;62;61;34.5;7.1;12.5;0.6;2.0;6.5;10.5;.598;4.0;5.4;3.2;8.9;12.1;5.2;1.0;0.4;3.1;3.3;18.9;22000000
214;Alperen Şengün;C;19;HOU;72;13;20.7;3.5;7.3;0.4;1.6;3.1;5.7;.502;2.3;3.2;1.9;3.5;5.5;2.6;0.8;0.9;2.0;3.0;9.6;3536280
215;Collin Sexton;SG;23;CLE;11;11;28.7;6.2;13.7;1.0;4.1;5.2;9.6;.487;2.6;3.5;1.2;2.1;3.3;2.1;0.9;0.0;2.8;2.3;16.0;17325000
216;Landry Shamet;SG;24;PHO;69;14;20.8;2.8;7.0;1.8;4.8;1.0;2.2;.521;1.0;1.2;0.2;1.6;1.8;1.6;0.4;0.1;0.6;1.3;8.3;10250000
217;Day'Ron Sharpe;PF;20;BRK;32;8;12.2;2.7;4.7;0.1;0.2;2.6;4.4;.584;0.8;1.3;2.5;2.5;5.0;0.5;0.3;0.5;0.9;1.9;6.2;2210040
218;Pascal Siakam;PF;27;TOR;68;68;37.9;8.8;17.8;1.1;3.2;7.7;14.5;.525;4.2;5.6;1.9;6.6;8.5;5.3;1.3;0.6;2.7;3.3;22.8;37893408
219;Anfernee Simons;SG;22;POR;57;30;29.5;6.2;14.0;3.1;7.8;3.1;6.2;.555;1.8;2.0;0.5;2.2;2.6;3.9;0.5;0.1;2.0;1.9;17.3;24107143
220;Jericho Sims;PF;23;NYK;41;5;13.5;1.0;1.3;0.0;0.0;1.0;1.3;.722;0.3;0.7;1.5;2.6;4.1;0.5;0.3;0.5;0.5;1.6;2.2;1927896
221;Marcus Smart;PG;27;BOS;71;71;32.3;4.2;10.1;1.7;5.1;2.5;5.0;.501;2.0;2.5;0.6;3.2;3.8;5.9;1.7;0.3;2.2;2.3;12.1;18583713
222;Jalen Smith;PF;21;TOT;51;8;18.1;3.5;6.9;0.8;2.4;2.7;4.5;.560;1.5;2.0;2.0;4.0;6.0;0.5;0.3;0.8;0.8;1.9;9.2;5043773
223;Jaden Springer;SG;19;PHI;2;0;3.0;0.5;0.5;0.0;0.0;0.5;0.5;1.000;0.0;0.0;0.5;0.5;1.0;0.0;0.0;1.0;0.5;0.0;1.0;2226240
224;Nik Stauskas;SG;28;TOT;8;0;4.9;0.6;1.8;0.5;1.3;0.1;0.5;.500;0.5;0.8;0.1;0.3;0.4;0.3;0.0;0.0;0.1;0.1;2.3;702311
225;Lamar Stevens;PF;24;CLE;63;13;16.1;2.5;5.1;0.3;1.0;2.2;4.0;.517;0.8;1.2;0.7;1.9;2.6;0.7;0.5;0.3;0.7;1.7;6.1;400000
226;Isaiah Stewart;C;20;DET;71;71;25.6;3.5;6.9;0.2;0.6;3.3;6.3;.526;1.0;1.5;3.2;5.5;8.7;1.2;0.3;1.1;1.2;3.0;8.3;5266713
227;Jalen Suggs;PG;20;ORL;48;45;27.2;4.1;11.4;0.9;4.1;3.3;7.3;.400;2.6;3.4;0.5;3.0;3.6;4.4;1.2;0.4;3.0;3.0;11.8;7252080
228;Jae'Sean Tate;PF;26;HOU;78;77;26.4;4.7;9.3;0.8;2.6;3.8;6.8;.541;1.7;2.4;1.7;3.7;5.4;2.8;0.9;0.5;1.8;3.7;11.8;6500000
229;Jayson Tatum;SF;23;BOS;76;76;35.9;9.3;20.6;3.0;8.6;6.3;12.0;.526;5.3;6.2;1.1;6.9;8.0;4.4;1.0;0.6;2.9;2.3;26.9;32600060
230;Daniel Theis;C;29;TOT;47;27;20.8;3.2;6.2;0.7;2.3;2.5;3.9;.576;1.0;1.5;1.3;3.6;4.9;0.9;0.4;0.7;1.0;2.4;8.2;9108387
231;Cam Thomas;SG;20;BRK;67;2;17.6;3.3;7.5;0.7;2.6;2.6;4.9;.480;1.3;1.6;0.2;2.2;2.4;1.2;0.5;0.1;0.8;1.0;8.5;2240160
232;Klay Thompson;SG;31;GSW;32;32;29.4;7.7;17.9;3.6;9.3;4.1;8.7;.529;1.4;1.6;0.5;3.4;3.9;2.8;0.5;0.5;1.3;1.7;20.4;43219440
233;JT Thor;PF;19;CHO;33;0;7.9;0.7;1.7;0.2;0.8;0.5;0.8;.500;0.4;0.6;0.3;1.0;1.3;0.6;0.2;0.3;0.3;0.8;2.0;1836096
234;Xavier Tillman Sr.;PF;23;MEM;53;2;13.2;1.8;4.1;0.2;0.9;1.7;3.2;.477;0.9;1.3;1.2;1.8;3.0;1.2;0.9;0.3;0.6;1.2;4.8;1930681
235;Isaiah Todd;PF;20;WAS;12;0;6.2;0.6;2.2;0.3;1.3;0.3;0.8;.346;0.2;0.5;0.3;0.8;1.0;0.3;0.3;0.2;0.3;0.3;1.7;1836096
236;Obi Toppin;PF;23;NYK;72;10;17.1;3.5;6.6;0.7;2.3;2.8;4.2;.586;1.3;1.7;1.0;2.8;3.7;1.1;0.3;0.5;0.8;1.4;9.0;6803012
237;Karl-Anthony Towns;C;26;MIN;74;74;33.5;8.7;16.4;2.0;4.9;6.6;11.5;.591;5.2;6.3;2.6;7.2;9.8;3.6;1.0;1.1;3.1;3.6;24.6;36016200
238;Gary Trent Jr.;SG;23;TOR;70;69;35.0;6.4;15.5;3.0;7.8;3.4;7.7;.511;2.5;2.9;0.4;2.4;2.7;2.0;1.7;0.3;1.0;2.1;18.3;18785000
239;P.J. Tucker;PF;36;MIA;71;70;27.9;2.9;6.0;1.1;2.7;1.8;3.3;.577;0.6;0.9;1.4;4.0;5.5;2.1;0.8;0.2;0.9;2.3;7.6;11014500
240;Myles Turner;C;25;IND;42;42;29.4;4.8;9.4;1.5;4.4;3.3;5.0;.587;1.9;2.5;1.5;5.5;7.1;1.0;0.7;2.8;1.3;2.8;12.9;20975000
241;Jonas Valančiūnas;C;29;NOP;74;74;30.3;6.9;12.7;0.8;2.1;6.1;10.5;.574;3.2;3.9;3.1;8.3;11.4;2.6;0.6;0.8;2.4;3.3;17.8;15435000
242;Jarred Vanderbilt;PF;22;MIN;74;67;25.4;2.9;4.9;0.0;0.2;2.8;4.7;.590;1.2;1.8;2.9;5.5;8.4;1.3;1.3;0.6;1.0;2.4;6.9;4698000
243;Devin Vassell;SF;21;SAS;71;32;27.3;4.6;10.8;1.9;5.4;2.7;5.4;.516;1.2;1.4;0.6;3.7;4.3;1.9;1.1;0.6;0.8;2.0;12.3;5887899
244;Nikola Vučević;C;31;CHI;73;73;33.1;7.5;15.8;1.4;4.5;6.1;11.3;.518;1.3;1.7;1.9;9.1;11.0;3.2;1.0;1.0;1.9;2.5;17.6;20000000
245;Dean Wade;PF;25;CLE;51;28;19.2;1.9;4.3;1.0;2.8;0.9;1.5;.574;0.4;0.6;0.6;2.3;2.9;1.0;0.6;0.1;0.3;1.7;5.3;5709877
246;Franz Wagner;SF;20;ORL;79;79;30.7;5.8;12.3;1.2;3.4;4.6;8.9;.517;2.4;2.8;1.1;3.4;4.5;2.9;0.9;0.4;1.5;2.1;15.2;5508720
247;Ish Wainright;PF;27;PHO;45;0;8.0;0.9;2.3;0.4;1.3;0.5;1.0;.486;0.2;0.3;0.6;0.6;1.2;0.3;0.4;0.1;0.3;1.1;2.4;1927896
248;Trendon Watford;SF;21;POR;48;10;18.1;3.0;5.6;0.2;0.8;2.8;4.8;.549;1.5;2.0;1.2;3.0;4.1;1.7;0.5;0.6;0.9;2.4;7.6;1836096
249;Derrick White;SG;27;TOT;75;52;29.3;4.5;10.7;1.5;4.9;3.0;5.7;.493;2.7;3.1;0.5;3.0;3.5;4.9;0.9;0.8;1.6;2.3;13.2;18107143
250;Derrick White;SG;27;SAS;49;48;30.3;5.0;11.6;1.7;5.3;3.3;6.4;.497;2.8;3.3;0.5;3.0;3.5;5.6;1.0;0.9;1.8;2.4;14.4;18107143
251;Derrick White;SG;27;BOS;26;4;27.4;3.6;8.8;1.3;4.3;2.3;4.6;.483;2.5;2.9;0.5;2.9;3.4;3.5;0.6;0.6;1.2;2.2;11.0;18107143
252;Aaron Wiggins;SG;23;OKC;50;35;24.2;3.1;6.7;0.8;2.8;2.3;4.0;.525;1.2;1.7;1.0;2.5;3.6;1.4;0.6;0.2;1.1;1.9;8.3;1836096
253;Andrew Wiggins;SF;26;GSW;73;73;31.9;6.5;14.0;2.2;5.5;4.4;8.5;.543;2.0;3.2;1.2;3.3;4.5;2.2;1.0;0.7;1.5;2.2;17.2;24330357
254;Kenrich Williams;SF;27;OKC;49;0;21.9;3.0;6.5;0.8;2.5;2.1;4.0;.525;0.6;1.1;1.5;3.0;4.5;2.2;0.9;0.2;0.9;1.7;7.4;6175000
255;Patrick Williams;PF;20;CHI;17;9;24.8;3.2;6.0;0.9;1.7;2.3;4.3;.603;1.8;2.4;1.0;3.1;4.1;0.9;0.5;0.5;0.9;1.6;9.0;9835881
256;Robert Williams;C;24;BOS;61;61;29.6;4.4;6.0;0.0;0.0;4.4;6.0;.736;1.1;1.5;3.9;5.7;9.6;2.0;0.9;2.2;1.0;2.2;10.0;11812501
257;Ziaire Williams;SF;20;MEM;62;31;21.7;3.1;6.8;1.2;3.9;1.9;2.9;.540;0.7;0.9;0.4;1.7;2.1;1.0;0.6;0.2;0.7;1.8;8.1;4810200
258;Delon Wright;SG;29;ATL;77;8;18.9;1.6;3.5;0.6;1.5;1.0;2.0;.535;0.7;0.8;0.6;2.2;2.9;2.4;1.2;0.2;0.6;0.7;4.4;8195122
259;Thaddeus Young;PF;33;TOT;52;1;16.3;2.7;5.2;0.3;0.9;2.4;4.3;.550;0.4;0.9;1.5;2.5;4.0;2.0;1.0;0.3;1.0;1.6;6.2;8000000
260;Trae Young;PG;23;ATL;76;76;34.9;9.4;20.3;3.1;8.0;6.3;12.3;.536;6.6;7.3;0.7;3.1;3.7;9.7;0.9;0.1;4.0;1.7;28.4;40064220
261;Ivica Zubac;C;24;LAC;76;76;24.4;4.1;6.5;0.0;0.0;4.1;6.5;.626;2.2;3.0;2.9;5.6;8.5;1.6;0.5;1.0;1.5;2.7;10.3;10933333
